{
  "teams": [
    "Arsenal",
    "Aston Villa",
    "Bournemouth",
    "Brentford",
    "Brighton",
    "Burnley",
    "Chelsea",
    "Crystal Palace",
    "Everton",
    "Fulham",
    "Ipswich",
    "Leeds",
    "Leicester",
    "Liverpool",
    "Luton",
    "Man City",
    "Man United",
    "Newcastle",
    "Norwich",
    "Nott'm Forest",
    "Sheffield United",
    "Southampton",
    "Sunderland",
    "Tottenham",
    "Watford",
    "West Ham",
    "Wolves"
  ],
  "attack": [
    0.3702279352487098,
    0.13213807400453037,
    0.029517713880692326,
    0.10390643101975754,
    0.11506873798715389,
    -0.25336676741732267,
    0.1920785113959165,
    -0.057780714198801354,
    -0.19408551233718344,
    0.04171676442954418,
    -0.2186451989701567,
    -0.06515622401017113,
    -0.0336195531692092,
    0.4348591607998408,
    0.021006166567374154,
    0.5074267443993341,
    0.10600143968721736,
    0.21179594455989412,
    -0.4825806337647332,
    -0.03723634620676767,
    -0.23890847622566136,
    -0.3116822553495902,
    -0.11260240863285242,
    0.23495170671048798,
    -0.282655577906894,
    0.004596698520455888,
    -0.21697236102156583
  ],
  "defence": [
    0.4151656336262929,
    0.1033922400795171,
    -0.006442729449398913,
    0.049893300668912254,
    0.09143501251441745,
    -0.1375608070642339,
    0.18287885700987502,
    0.13011376610738626,
    0.09266606181910074,
    0.0686689768881519,
    -0.252288871488833,
    -0.17482912516630264,
    -0.14980405216391407,
    0.2888988485041661,
    -0.2860545416077673,
    0.4486003065454983,
    0.10121770052314161,
    0.1047754808583003,
    -0.2950718751136517,
    0.021690335984815647,
    -0.4531328711268957,
    -0.21994961182698253,
    0.14967032838988645,
    0.013863030075667124,
    -0.22659508800944622,
    -0.0415241606418634,
    -0.01967614593583991
  ],
  "home_adv": 0.18419267653969013,
  "rho": -0.033361813608899005,
  "intercept": 0.24417598671117782,
  "sigma_att": 0.23691116410982616,
  "sigma_def": 0.21444900027825528
}