{
  "teams": [
    "Arsenal",
    "Aston Villa",
    "Bournemouth",
    "Brentford",
    "Brighton",
    "Burnley",
    "Chelsea",
    "Crystal Palace",
    "Everton",
    "Fulham",
    "Ipswich",
    "Leeds",
    "Leicester",
    "Liverpool",
    "Luton",
    "Man City",
    "Man United",
    "Newcastle",
    "Norwich",
    "Nott'm Forest",
    "Sheffield United",
    "Southampton",
    "Sunderland",
    "Tottenham",
    "Watford",
    "West Ham",
    "Wolves"
  ],
  "attack": [
    0.3702973330182939,
    0.13207645811459146,
    0.02943878311150223,
    0.10382964998597091,
    0.11499776995964957,
    -0.25331221224432365,
    0.19206340976228672,
    -0.057851174537076756,
    -0.19418479299777638,
    0.041645401840341385,
    -0.2184587425056061,
    -0.06506566216360957,
    -0.03357297772318502,
    0.43487036474256263,
    0.021149003820358617,
    0.5074353130602093,
    0.10593091933235055,
    0.21179300851777202,
    -0.4830163104940898,
    -0.03731622971684716,
    -0.23879857994828735,
    -0.31163872021776134,
    -0.11235603635289206,
    0.2349612269706543,
    -0.28259288220241713,
    0.004519723914118316,
    -0.2168440450467895
  ],
  "defence": [
    0.4151378082713194,
    0.10338827523529746,
    -0.006434478470520963,
    0.04988441538094424,
    0.09142913777320943,
    -0.1375447460604086,
    0.18288238219421368,
    0.1301038336666689,
    0.0926571440951955,
    0.06867183382265404,
    -0.2522608854899946,
    -0.1748190796026442,
    -0.14979122555253185,
    0.28890623981675295,
    -0.2860204104906632,
    0.44853241280803097,
    0.10120911582697997,
    0.10478983738052097,
    -0.29503592570473414,
    0.021691716888171078,
    -0.45312954924490384,
    -0.2199371626702017,
    0.1496864644471153,
    0.013881609263115942,
    -0.2265859846418451,
    -0.04157939193082749,
    -0.019713387010914296
  ],
  "home_adv": 0.18417098587584624,
  "rho": -0.03339275632885267,
  "intercept": 0.24421390926096212,
  "sigma_att": 0.236944844473396,
  "sigma_def": 0.21437436022224185
}